                                    sIP,sPort,   Records,  %Records,   cumul_%,
                        192.168.165.216,  591,      1708,  1.546009,  1.546009,
                        192.168.161.124,  591,      1691,  1.530621,  3.076631,
                        192.168.122.195,  591,      1663,  1.505277,  4.581908,
                        192.168.122.141,  591,      1657,  1.499846,  6.081754,
                         192.168.121.57,  591,      1657,  1.499846,  7.581600,
